name,email,phoneNumber
Suzanne Jones,Jeffery.Graham37@gmail.com,519-271-0626
Gretchen O'Hara,Mark1@hotmail.com,363-695-4303
Leticia Abernathy,Hazel_Medhurst64@yahoo.com,855-529-0809
Preston Willms,Cristal_Funk56@gmail.com,510-844-2949
Corey Mosciski,Andreane.Jast@hotmail.com,358-998-0394
Jacob Pfeffer,Mustafa.Littel@yahoo.com,359-973-4633
Alicia Bode,Katlyn_Bernhard@yahoo.com,711-780-7093
Jan Schumm,Cedrick60@gmail.com,677-746-1710
Amanda Lueilwitz,Fiona_Champlin@gmail.com,356-437-7010
Darla Johns,Hassie.Flatley20@yahoo.com,881-448-2364
Joel Ebert PhD,Katharina27@yahoo.com,348-972-6216
Suzanne Gutkowski,Gayle_Brekke14@hotmail.com,634-218-5575
Sue Cummings,Libby.Friesen70@yahoo.com,851-501-8185
Cathy Jaskolski PhD,Verona17@yahoo.com,829-717-9920
Irving Friesen,Gilberto93@gmail.com,320-515-8900
Hannah Christiansen,Kyler_Hudson78@gmail.com,390-932-8337
Lee King,Josianne.Krajcik@yahoo.com,759-321-5369
Mr. Sadie Kautzer,Fay.Roob@yahoo.com,760-600-3361
Latoya Kertzmann,Candelario.VonRueden82@yahoo.com,860-853-5631
Anne Waters,Leland64@gmail.com,311-354-9903
Alexandra Durgan,Daniella.Considine@yahoo.com,868-941-5714
Archie Crona,Shanny7@hotmail.com,666-319-6098
Sylvia Tremblay,Lionel_Satterfield40@yahoo.com,575-980-9042
Jorge Schaefer,Albina.Stamm@yahoo.com,710-856-6824
Clint Dach,Florine47@gmail.com,902-643-5543
Colin Crooks DDS,Wendy.Lehner30@yahoo.com,431-424-6061
Woodrow Rowe,Emmanuelle_Wuckert@gmail.com,822-302-0550
Simon Bergnaum,Shea.Roberts65@hotmail.com,495-820-2674
Willie Pfannerstill,Delaney30@gmail.com,378-637-6237
Duane Tillman,Sid54@gmail.com,446-841-5215
Winifred Mueller,Shyann32@yahoo.com,500-340-3458
Mona Hoeger,Kara.Murray@hotmail.com,998-312-7693
Mrs. Susan Stracke,Eleonore.Wehner@hotmail.com,991-706-4440
Ms. Michelle Orn,Nils.Johnson34@hotmail.com,273-834-6085
Estelle Emard,Cleo.Ferry@yahoo.com,473-579-2456
Ellis Kunze IV,Lawrence_Price22@yahoo.com,898-776-6680
Marion Mayer,Marietta83@yahoo.com,900-674-3365
Nichole Mitchell,Piper.Rice@yahoo.com,447-775-9596
Beulah Anderson,Estell64@gmail.com,824-200-0809
Gary Ziemann,Adolf_Reilly56@yahoo.com,516-280-6198
Mark Jaskolski,Daphnee.Stoltenberg@yahoo.com,984-799-3303
Miss Douglas Bechtelar,Eleanore.Hodkiewicz@hotmail.com,329-873-4294
Mr. Saul Fadel,Reinhold_Grimes@hotmail.com,361-690-7848
Barbara Nienow,Kody_Veum@gmail.com,980-340-7042
Juanita Monahan,Paris40@hotmail.com,973-537-4973
Beverly Kuhic,Jeremy.Willms@gmail.com,268-577-0280
Elizabeth Stoltenberg,Edgar_Treutel@hotmail.com,221-865-6354
Marcella Johnston,Nick_Jast92@yahoo.com,403-661-4322
Sam Collier,Walter42@yahoo.com,700-808-2530
Julian DuBuque,Edmond67@yahoo.com,512-753-3181
Ms. Sadie White,Brandy_Connelly90@gmail.com,253-826-7713
Everett Effertz,Ismael57@hotmail.com,297-445-3122
Andrew Wisozk,Rashawn.Strosin55@yahoo.com,548-767-7519
Billie Mertz,Liana9@gmail.com,523-266-0112
Terrence Reichert,Randall_Weissnat49@hotmail.com,507-609-4320
Cathy Dicki V,Chelsea.Herman@yahoo.com,258-411-0640
Douglas Maggio,Brice.Erdman@yahoo.com,702-412-1814
Shelia Krajcik,Clotilde.Thompson29@gmail.com,377-925-5884
Joan Hegmann,Osborne.Hamill@yahoo.com,544-730-9447
Tammy Murray,Lauryn41@gmail.com,661-368-3536
Lawrence Gleichner,Gerhard.Considine@gmail.com,267-910-5155
Alonzo Abernathy,Meggie.Stracke11@yahoo.com,879-335-4550
Pearl Yost,Torrance.Zemlak@hotmail.com,620-467-5849
Shawna Emard,Simone_Cummerata@hotmail.com,351-229-9058
Suzanne Wuckert,Kasey.Shanahan@gmail.com,848-269-8801
Dexter Yost,Solon44@yahoo.com,621-864-5170
Stephen Halvorson,Edison_Keebler34@gmail.com,725-395-2164
Darrell Wintheiser,Clyde57@yahoo.com,829-580-4516
Robert Ziemann,Bernard31@hotmail.com,751-710-8647
Nancy Barton,Ramon.Mills@yahoo.com,402-679-8564
Daryl Mante,Zack18@yahoo.com,418-838-1381
Conrad Gislason,Tomas75@hotmail.com,723-785-5216
Dr. Julio Hoeger,Joshua_Beer47@hotmail.com,883-454-1136
Cody Doyle,Itzel23@gmail.com,374-256-5212
Gloria Wiza,Geovanny.Hoeger3@yahoo.com,931-433-9505
Virginia Ullrich,Jerrold_Gulgowski@yahoo.com,672-462-3738
Grady Reinger,Eliseo50@gmail.com,242-223-8628
Mr. Ruby Wuckert,Pearlie71@gmail.com,611-352-0178
Victoria McLaughlin,Watson_Lebsack18@gmail.com,830-594-4174
Terrence Hahn,Rowena.Crist79@yahoo.com,999-301-7719
Hazel Wilkinson,Ruthe_Bailey@yahoo.com,674-251-9982
Michele Rice,Dennis_Rodriguez@yahoo.com,718-324-7363
Mr. Charlotte Haag,Abel_Okuneva88@yahoo.com,895-260-2158
Chester Feil V,Brandy_Lesch65@hotmail.com,848-974-9123
Vickie Batz,Marcellus.Aufderhar29@gmail.com,430-214-1815
Ronnie Schmitt,Oda.Spinka@yahoo.com,223-827-1487
Dr. Michelle Mayer,Jaylon91@yahoo.com,305-746-2931
Ricky Halvorson,Cleo_Mosciski@hotmail.com,598-650-9418
Irma Howe,Gail60@yahoo.com,737-993-8295
Janis Schamberger DVM,Hailey50@gmail.com,644-403-8832
Ginger Osinski,Deshawn7@yahoo.com,717-348-5119
Rhonda Greenfelder,Elliott23@hotmail.com,650-965-8940
Ms. Karen Stamm,Sabryna.Cronin@hotmail.com,743-295-8879
Charlotte Wiza,Carli_Runte@hotmail.com,893-713-1389
Cecelia Stanton,Roxanne32@yahoo.com,830-260-3973
Kate Jacobi,Edythe43@hotmail.com,971-992-5196
Chad Feest,Deion3@gmail.com,407-396-4798
Edna Daugherty PhD,Emmanuelle.Brakus@yahoo.com,317-251-2793
Eduardo Thiel,Armani_Schmeler32@hotmail.com,439-707-7128
Sandy Wisozk,Elroy82@hotmail.com,311-792-9485
