id,name,email,phoneNumber
fa9d551e-3d68-4662-918c-d548a9cccc30,Lena Satterfield,Camron.Fay@gmail.com,273-353-3983
76438d8a-35f1-43dc-8874-dab182219275,Barry Parisian IV,Adalberto_Kutch@gmail.com,561-824-3650
ea4ebb50-07d0-48f1-8430-1f5b91a0b909,Natasha Koepp,Corene_Pouros@yahoo.com,697-720-9214
16c22e50-fe73-4cb2-8381-08925d7dc304,Diana Zemlak MD,Jordyn_Crona@yahoo.com,600-323-6685
456c3cd1-8c47-4746-a87c-31c42a404ce6,Adrienne Lakin,Daron_Douglas11@gmail.com,534-821-8539
1a5513b8-7f10-4bcf-b4d3-e1171bb2ec54,Dr. Larry Bailey,Emmett.Stokes@gmail.com,373-538-3057
399315b0-89c7-4c6b-bf67-1e8dfde97a18,Janie Welch,Enola_Wisoky58@gmail.com,214-285-5819
a7a5e07f-43e4-4feb-81ff-7f585b3d12b7,Alexander Harris,Bryce70@yahoo.com,966-642-4214
ebee8890-4e95-4f8e-9cb4-6673337e9c68,Ms. Ernesto Mraz,Linnea_Jerde10@gmail.com,885-207-8175
2a07a8f3-b1dc-4554-89bd-440561a9e17c,Henrietta Hayes,Dario24@yahoo.com,280-263-3510
379ea48b-8d9e-4f36-93f7-f47d5c30558c,Adrienne Kessler,Shany60@gmail.com,766-667-4207
feed4d29-7fa8-40f6-90a2-d75606638bd9,April Hane,Delia.Becker@gmail.com,819-451-0182
c5cc7ff3-4624-4416-bca6-9ff328206388,Ivan Price,Armando69@hotmail.com,894-589-9780
fff82956-7839-4d9e-963b-6879f9a415c3,Beatrice Haley,Brisa.Kozey@hotmail.com,213-250-9582
59dbae5f-e9e5-45bf-9cc6-90ab91c0f018,Connie Marquardt,Breanna.Langworth@hotmail.com,995-616-8563
8c72a4ae-b276-43d8-9b6d-39fe2f0a46ef,Nicolas Schmitt,Ruthe37@yahoo.com,495-253-2851
5b36da14-8936-43a2-9938-29729c1eb62e,Jamie Streich,Wendy.Turcotte88@gmail.com,918-228-3054
0af317f1-6abc-4052-9fa3-f551f9804ee7,Edna Stehr,Vivien.Herzog@gmail.com,392-955-4591
b7245a04-a066-467f-8112-debca6048008,Amy Erdman,Mable.Rice86@hotmail.com,332-381-3979
27378985-6594-4d82-973f-450df5f92387,Todd Kutch,Kiana_Halvorson12@gmail.com,237-279-4471
2530ae49-b0f8-4f9e-96fa-a3e9deb3189c,Dallas Reichert,Raymond_West@yahoo.com,840-827-2589
c040f8ee-77a5-4f0f-9e4f-d4398381cd04,Sherry Predovic,Cyril76@gmail.com,450-532-7889
71a8a54d-8408-41cc-bfbd-c3c68ef315ef,Caroline Watsica,Rashawn_Miller@gmail.com,712-600-8374
cb4df34f-8cb8-4c60-8045-9f9a85cb6621,Kurt Corkery,Earline23@gmail.com,611-753-4099
ce0f668f-5b3c-4146-8352-135f989bcdf5,Justin Lind,Royce47@gmail.com,929-387-9096
dddb116c-1dd9-4b9a-89a3-3e9a10d01e1a,Simon Stroman,Molly_Corwin@yahoo.com,409-983-1442
8cef3d1e-a91c-44bd-a619-b5509337c156,Omar Donnelly,Courtney19@yahoo.com,490-851-6086
5c5e2af1-b4e7-4f58-961d-2e3313d52163,Monica Volkman,Rylan20@gmail.com,575-204-3894
bcc33852-156e-4448-9748-48d41eb3edc6,Anna Gibson,Roman18@gmail.com,285-933-1221
19f8ca16-9eec-4b15-98a1-32043498acb4,Ms. Julie Barton,Mikel.Parker@gmail.com,473-238-3619
b6842fee-8870-4fbd-abaf-5686502fabd0,Miriam Bergnaum,Mohammed_Anderson3@hotmail.com,861-418-9010
01b22b41-5490-40dd-999a-c77b3c83407f,Laurie Schmeler,Norwood46@gmail.com,739-274-6885
fde9d73b-ccb4-447b-abfd-7516af17cc30,Tiffany Schowalter,Declan.Weissnat83@yahoo.com,653-689-5029
a9bf8b84-f944-453c-8cf8-9c71fda56db5,Carmen Fadel,Vernie_Lemke30@gmail.com,646-290-3663
3ce2db5b-24b0-4202-8f71-8ff286ed31c7,Tracy Hills,Bradly_Koss@gmail.com,785-596-5901
033c075d-949d-4557-874f-fcfcf7cd9c99,Dustin Windler,Lowell84@yahoo.com,945-836-7992
a01eccec-4b1e-431e-9f60-722635825950,Shirley Beahan,Cameron_Glover@hotmail.com,946-841-0355
6fe47a0e-29a6-46bc-9cc2-bce70d1b5842,Tracey Brown,Abbigail44@gmail.com,669-288-3278
bed0cd65-8d23-44e0-886c-9f5bc80c5264,Madeline Renner,Bret.Abernathy36@yahoo.com,407-997-3685
bf108b71-c637-49c2-b6fa-563d7ac89643,Willie Jacobi,Michel.Carroll@yahoo.com,555-340-6979
5501e9e9-ded2-45ed-85cb-c1ee27149e3c,Ronald Harber,Shad.Kohler@hotmail.com,226-490-0367
5aa7c856-a9ff-4842-9938-d6162e033024,Dianne Thompson,Monique_Roob21@hotmail.com,374-446-5478
bbe4318b-59e6-496c-b6e1-7b016aa47797,Edith Leannon,Matilde_Gleason47@hotmail.com,295-859-4614
cddefe35-7130-4d8e-b6a5-1594e73b911a,Sidney Cartwright DVM,Laurianne_Williamson13@hotmail.com,215-269-7684
3aa45d4b-fb1c-42c3-85b3-a68874318e62,Leo Harvey,Dane.Raynor88@gmail.com,913-252-4109
6338802e-2945-414e-8e8f-27029d8e5aa7,Heidi Kunze V,Retta.Ruecker82@hotmail.com,665-684-0927
1942e346-70d1-4336-9b6c-7e19d2f7528b,Jason Frami,Ava_Mohr@gmail.com,783-306-3154
f7a52479-5b6c-453f-b906-e0297d829fe9,Mario Jerde,Fredrick.Rice99@yahoo.com,806-839-4100
22b00dcd-1a76-49f6-8f61-4a2c037f4b09,Kendra Abbott,Frankie_Harber64@gmail.com,552-580-7638
1827d8fe-820d-4969-bca9-6f63230e5395,Christie McGlynn,Berry_Lang@yahoo.com,223-974-7483
859ece33-845f-45d6-8cc6-4e95c858a3fa,Ms. Sarah Keeling,Fern13@yahoo.com,269-921-1745
342af74b-9e30-4202-b634-955adedd0527,Timmy Bergstrom,Bo_Little@hotmail.com,429-947-7412
c2becc3c-a214-4072-b02e-e701a0373e43,Roland Donnelly,Arlo.Ruecker79@gmail.com,326-289-6979
8554b02d-93f1-4593-b258-b325d9cee350,Mrs. Shane Lehner,Vilma_Hansen@yahoo.com,422-229-3757
a5570e1c-17fe-423d-ab00-4d4fc1830949,Ernest Rolfson,Tatyana93@yahoo.com,388-567-4529
964bdcce-beff-46c1-b127-29f13455697d,Mrs. Hattie Bernhard,Briana19@yahoo.com,274-450-5329
3eddc4bd-71a1-43a1-823a-c3c45a5bf544,Aubrey Hilll,Fatima16@yahoo.com,438-881-8544
c8611de0-766d-4ba3-9130-197a5473d3d8,Leticia Schiller PhD,Jo51@hotmail.com,417-779-3756
afc7bba8-7fc7-45d5-928a-62addbf8b0c6,Fernando Boehm,Neil13@yahoo.com,384-822-0168
d24c2c32-cf93-49e1-8e57-fb5b87f241ab,Mattie Legros II,Rowena22@hotmail.com,389-219-1687
763bba41-7c32-42fe-aed2-0aaf687245d4,Cary D'Amore,Adrienne16@hotmail.com,923-334-4392
a9be6f49-c383-4132-b86e-84a8417d0384,Terri Zieme PhD,Will97@hotmail.com,609-277-7872
206c726a-6b3a-4d09-ae83-5dbb51578bc2,Chelsea Barton,Mazie.Cummerata69@gmail.com,385-218-3123
5113c7ef-6aae-492a-9b6c-0412eefffddb,Preston Breitenberg,Francis.Block@hotmail.com,382-959-9339
2b4b6791-8c49-4d36-b401-def1ae641936,Raul Mayer,Danial63@hotmail.com,482-643-2649
4fe05363-6b8c-4232-b3db-b4bcaf727c31,Virginia Gutkowski,Joanny.Toy73@hotmail.com,710-757-8458
cf3e30a1-d862-44ad-82c9-0df6223971fb,Tanya Padberg,Susana_Bernier@hotmail.com,484-875-9616
8de5ee45-c2b9-47f2-a474-7e2d35b3c5c1,Matt Leffler,Elinore28@hotmail.com,522-959-5366
8bf1d03b-4eaf-493d-a54b-70dd7ea29a1c,Ricardo McLaughlin,Brain.Pollich38@hotmail.com,919-959-7313
47856bea-bf10-4956-8613-00fbe7b5bf55,Dr. Chester Wiza,Abigale_Johnson@hotmail.com,248-874-7967
9439416e-4b27-4e3d-916b-785d348faa5c,Gary Goldner,Damian.Borer7@gmail.com,626-299-5264
6073a01e-8f64-4ab9-8b5b-bbd0279c6335,Traci Muller,Buck.Rowe33@hotmail.com,329-489-9799
a1757c65-d860-4214-b934-df2b4dc93455,Elaine Orn V,Willa94@gmail.com,681-648-1466
2a8c07ed-89b1-4a69-8731-63d566fce302,Al Simonis,Karl_Conroy@gmail.com,341-363-5320
ef9d91cf-f765-42e3-81c7-bcd79f9e0591,Noah Huel,Iva.Rice@hotmail.com,856-483-4400
cbfb700f-38ec-4933-93ff-a3b3bc10950c,Thelma Turner,Roderick_Kuhic8@gmail.com,780-553-3070
d670ca31-482c-4915-b57c-828c50abfb44,Wendell Hane DVM,Ladarius_Hegmann27@yahoo.com,727-743-7752
e86832e5-5b1a-4fa8-a8c2-f42275359667,Earl Shanahan PhD,Trenton80@yahoo.com,677-310-7559
d2b716af-cd08-49cc-85ae-c71157094f5d,Betty Graham,Dina21@yahoo.com,990-323-8054
88f53fb8-6e81-47ff-b63f-f60ba2e251ae,Dora Rosenbaum,Anya.Trantow@gmail.com,542-867-9321
37910de1-c46e-4c0a-b9c9-eae1c7348482,Willis Prosacco DVM,Roselyn_Abshire@hotmail.com,710-923-8649
1905c8ff-02b4-4d58-ab47-abe2c06d1985,William Pouros,Tyshawn_Connelly@gmail.com,616-595-3782
3cba64b9-4d29-4bf0-ac46-7c0f8000ebbe,Jacob Schultz,Murray87@yahoo.com,364-208-7253
4aeb08a3-6c97-444e-a739-937406c40660,Mindy Muller,Kenya.Conroy@hotmail.com,915-881-4294
0c255804-d1be-4ca5-94d1-78df7538f060,Darin Senger,Fiona34@hotmail.com,313-239-8309
53214a27-7910-4624-a5e7-e4a402a7aa55,Kay Jakubowski,Arturo_Auer58@yahoo.com,945-612-6168
39427a03-1456-46ef-869a-3c2751005e11,Tami Wisoky,Rosetta_Miller@gmail.com,478-790-7066
851ee985-5f8f-4813-a08f-573568d965aa,Megan Haley,Deontae.Huels62@hotmail.com,263-376-7033
fc6ae403-c3c2-4001-8035-f861cc30ac9c,Sherman Walter MD,Celine21@hotmail.com,765-209-5588
c093380c-1220-434d-a0c8-e617560dad76,Tom Steuber,Chanel_Kuvalis@hotmail.com,946-905-7644
ef83f8ca-affb-4fd6-ac4b-6e1407b313fc,Bessie Ruecker,Cleveland.Hills38@hotmail.com,614-765-6907
7879b6f9-f963-428c-9ca9-352839600914,Rene Dickens,Marshall.Hagenes96@yahoo.com,201-875-0892
a2c546b8-4004-49a7-a78b-566392db3cc3,Marta Batz,Hudson95@gmail.com,937-209-5364
907c5e87-17a8-428e-9ab6-1126a580cd06,Kent Effertz,Marielle57@yahoo.com,797-444-0377
057c4621-aaba-4408-9252-a96567c74830,Domingo DuBuque DDS,Pansy_Pollich@gmail.com,264-627-2506
4da1a4e4-16b2-4c39-8ad9-ab64fda52a66,Monica Abshire,Giuseppe_Murray63@hotmail.com,411-608-8837
ee5f60c0-9c5a-404b-bcfa-5ae35e8e066e,Felipe Armstrong,Carson49@gmail.com,982-307-5527
db5b9ef5-d164-4a29-a1cd-534e48e4ffa6,Loren Wilderman,Grayce.Abshire1@yahoo.com,714-299-6671
88f215bb-912c-4e41-a55f-9110520776dd,Miss Wallace Gleason,Marcelle69@gmail.com,713-953-9789
b8fc246d-c3cb-4a04-9528-ed113306e6a6,Iris Nader,Ericka_Erdman37@gmail.com,735-889-3465
